timestamp, cpu_power_uW, io_power_uW
1503442564.120536704, 0, 4984000
1503442564.412306596, 0, 4984000
1503442564.702297664, 0, 4984000
1503442564.991961708, 0, 4984000
1503442565.282693966, 0, 4984000
1503442565.571919803, 0, 4984000
1503442565.861948852, 0, 4984000
1503442566.153009574, 0, 4984000
1503442566.442971522, 0, 4984000
1503442566.732971390, 0, 4984000
1503442567.022900437, 0, 4984000
1503442567.313267470, 0, 4984000
1503442567.602900494, 0, 4984000
1503442567.893272087, 0, 4984000
1503442568.183565699, 0, 4984000
1503442568.473724749, 0, 4984000
1503442568.764164183, 0, 4984000
1503442569.054343034, 0, 4984000
1503442569.344180580, 0, 4984000
1503442569.634585534, 0, 4984000
1503442569.923696609, 0, 4984000
1503442570.213560316, 0, 4984000
1503442570.502715752, 0, 4984000
1503442570.792893683, 0, 4984000
1503442571.081743455, 0, 4984000
1503442571.371580441, 0, 4984000
1503442571.662026635, 0, 4984000
1503442571.951779900, 0, 4984000
1503442572.241061178, 0, 4984000
1503442572.531463712, 0, 4984000
1503442572.819800457, 0, 4984000
1503442573.103429998, 0, 4984000
1503442573.386704854, 0, 4984000
1503442573.675628127, 0, 5218000
1503442573.960250401, 0, 5218000
1503442574.247436751, 0, 5218000
1503442574.538121348, 0, 5218000
1503442574.824308564, 0, 5218000
1503442575.108741016, 468000, 5218000
1503442575.392286775, 468000, 5218000
1503442575.675801834, 468000, 5218000
1503442575.960324467, 468000, 4984000
1503442576.241769417, 0, 4984000
1503442576.524865291, 468000, 4984000
1503442576.810702462, 468000, 4984000
1503442577.099980340, 0, 4984000
1503442577.386499680, 0, 4984000
1503442577.673084461, 468000, 5218000
1503442577.960190590, 468000, 5218000
1503442578.246722830, 468000, 4984000
1503442578.531720870, 468000, 4984000
1503442578.820107916, 468000, 4984000
1503442579.107282385, 468000, 4984000
1503442579.396814727, 468000, 4984000
1503442579.686632053, 468000, 4984000
1503442579.974022805, 468000, 4984000
1503442580.281117048, 468000, 4984000
1503442580.569171690, 468000, 4984000
1503442580.853289297, 468000, 4984000
1503442581.139943999, 468000, 4984000
1503442581.424593594, 468000, 4984000
1503442581.706556011, 468000, 4984000
1503442581.989005916, 468000, 4984000
1503442582.274781626, 468000, 4984000
1503442582.556853225, 468000, 4984000
1503442582.841588341, 468000, 4984000
1503442583.120674879, 468000, 4984000
1503442583.408715180, 468000, 4984000
1503442583.693796901, 1937000, 4984000
1503442583.975743278, 1937000, 4984000
1503442584.249597265, 1937000, 5218000
1503442584.522891543, 1937000, 5218000
1503442584.800174277, 1937000, 5218000
1503442585.073295953, 1937000, 4984000
1503442585.346038464, 1937000, 4984000
1503442585.626222177, 1937000, 4984000
1503442585.902803581, 1937000, 4984000
1503442586.177246995, 1468000, 4984000
1503442586.451593308, 1468000, 4984000
1503442586.727186938, 1468000, 4984000
1503442587.004798616, 1937000, 4984000
1503442587.280361246, 1937000, 4984000
1503442587.555261426, 1468000, 4984000
1503442587.828549325, 1468000, 4984000
1503442588.103270483, 1468000, 4984000
1503442588.378283245, 1468000, 4984000
1503442588.655113912, 1937000, 4984000
1503442588.929584247, 1937000, 4984000
1503442589.206806179, 1468000, 4984000
1503442589.482235727, 1468000, 4984000
1503442589.755961952, 1468000, 4984000
1503442590.034013316, 1937000, 4984000
1503442590.307282194, 1937000, 4984000
1503442590.582357897, 1468000, 4984000
1503442590.858991721, 1468000, 4984000
1503442591.145479861, 1468000, 4984000
1503442591.431832319, 1468000, 4984000
1503442591.717802332, 1937000, 4984000
1503442592.000652702, 1937000, 4984000
1503442592.275136877, 1937000, 4984000
1503442592.551159313, 1468000, 4984000
1503442592.827808118, 1468000, 4984000
1503442593.100413847, 2437000, 4984000
1503442593.374020430, 2437000, 4984000
1503442593.647821655, 2437000, 4984000
1503442593.921101794, 2437000, 4984000
1503442594.192874171, 2437000, 4984000
1503442594.466119289, 2437000, 5218000
1503442594.738048429, 2437000, 5218000
1503442595.010799300, 2437000, 4984000
1503442595.284693687, 2437000, 4984000
1503442595.558863557, 2437000, 4984000
1503442595.832230877, 2437000, 4984000
1503442596.105081709, 2437000, 4984000
1503442596.385032780, 2437000, 4984000
1503442596.673245023, 2437000, 4984000
1503442596.951795414, 2437000, 4984000
1503442597.225306316, 2437000, 4984000
1503442597.499127041, 2437000, 4984000
1503442597.771592129, 2437000, 4984000
1503442598.045892441, 2437000, 5218000
1503442598.322906231, 2437000, 5218000
1503442598.596889119, 2937000, 4984000
1503442598.871507196, 2937000, 4984000
1503442599.161254661, 2437000, 4984000
1503442599.446815888, 2437000, 4984000
1503442599.720554413, 2437000, 4984000
1503442599.992920998, 2437000, 4984000
1503442600.262851811, 2437000, 4984000
1503442600.540592550, 2437000, 4984000
1503442600.814695380, 2437000, 4984000
1503442601.088514886, 2437000, 4984000
1503442601.364267858, 2437000, 4984000
1503442601.641516691, 2437000, 4984000
1503442601.915022373, 2437000, 4984000
1503442602.188755018, 2437000, 4984000
1503442602.460627337, 2437000, 4984000
1503442602.734446962, 2437000, 4984000
1503442603.010487279, 2437000, 4984000
1503442603.284687130, 2437000, 4984000
1503442603.557119357, 2437000, 4984000
1503442603.836675641, 2437000, 4984000
1503442604.113101803, 2437000, 5218000
1503442604.386020556, 2437000, 5218000
1503442604.659426197, 2437000, 5218000
1503442604.936331845, 2437000, 5218000
1503442605.210019309, 2437000, 4984000
1503442605.485106592, 2437000, 4984000
1503442605.755862796, 2437000, 4984000
1503442606.032926446, 2437000, 5218000
1503442606.305940041, 2437000, 5218000
1503442606.584847237, 2437000, 4984000
1503442606.866919696, 2437000, 4984000
1503442607.142925872, 2437000, 4984000
1503442607.416502995, 2437000, 4984000
1503442607.694467198, 2437000, 4984000
1503442607.971139743, 2437000, 4984000
1503442608.245282813, 2437000, 4984000
1503442608.520633380, 2437000, 4984000
1503442608.794153602, 2437000, 4984000
1503442609.077955665, 2437000, 4984000
1503442609.365799224, 2437000, 4984000
1503442609.654434653, 2437000, 4984000
1503442609.940514208, 2437000, 4984000
1503442610.211786279, 2437000, 4984000
1503442610.488045658, 2437000, 4984000
1503442610.760838630, 2437000, 4984000
1503442611.039894188, 2437000, 4984000
1503442611.317178481, 2437000, 4984000
1503442611.590963047, 2437000, 4984000
1503442611.864452388, 2437000, 4984000
1503442612.138098172, 2437000, 5218000
1503442612.410760062, 2437000, 5218000
1503442612.684133561, 2437000, 4984000
1503442612.956564768, 2437000, 4984000
1503442613.228528789, 1937000, 4984000
1503442613.500771333, 1468000, 4984000
1503442613.773401482, 1468000, 4984000
1503442614.044398249, 1468000, 4984000
1503442614.314688007, 1468000, 4984000
1503442614.588171988, 1468000, 4984000
1503442614.859355658, 1468000, 4984000
1503442615.132345072, 1468000, 4984000
1503442615.403879807, 1468000, 4984000
1503442615.679635999, 1937000, 4984000
1503442615.952932318, 1937000, 4984000
1503442616.223840564, 2437000, 5468000
1503442616.499043229, 1937000, 5218000
1503442616.778210368, 1937000, 5218000
1503442617.052951507, 2437000, 5468000
1503442617.330144099, 2437000, 5468000
1503442617.603278416, 1937000, 5468000
1503442617.878175536, 1937000, 5468000
1503442618.152482249, 1937000, 5468000
1503442618.428181101, 1937000, 5468000
1503442618.701642822, 2437000, 5468000
1503442618.975807153, 2437000, 5468000
1503442619.249222733, 2437000, 5468000
1503442619.522894937, 1937000, 5468000
1503442619.798587729, 1937000, 5468000
1503442620.074052837, 2437000, 5218000
1503442620.350838284, 2437000, 5218000
1503442620.625674564, 1937000, 5218000
1503442620.905657654, 1937000, 5218000
1503442621.183865701, 1937000, 5468000
1503442621.459097526, 1937000, 5468000
1503442621.739554223, 2437000, 5468000
1503442622.014733168, 2437000, 5468000
1503442622.287793264, 2437000, 5468000
1503442622.562279819, 2437000, 5468000
1503442622.844062154, 2437000, 5468000
1503442623.119405801, 1937000, 5468000
1503442623.396057206, 1937000, 5468000
1503442623.669798991, 1937000, 5468000
1503442623.947722953, 1937000, 5468000
1503442624.239962353, 1468000, 5468000
1503442624.531285059, 1937000, 5468000
1503442624.818428529, 1937000, 5468000
1503442625.092688501, 1937000, 5468000
1503442625.370491961, 1937000, 5468000
1503442625.643716719, 1937000, 5468000
1503442625.919724275, 1937000, 5468000
1503442626.194351412, 1937000, 5468000
1503442626.468708806, 1937000, 5468000
1503442626.745164648, 1937000, 5468000
1503442627.029511299, 1937000, 5468000
1503442627.318293210, 1937000, 5468000
1503442627.601668928, 1937000, 5468000
1503442627.883004077, 1937000, 5468000
1503442628.157977539, 1937000, 5468000
1503442628.432128830, 1937000, 5468000
1503442628.710725541, 1937000, 5468000
1503442628.989064950, 1937000, 5468000
1503442629.266418824, 1937000, 5703000
1503442629.540892979, 1937000, 5703000
1503442629.815886021, 1937000, 5703000
1503442630.094542174, 1937000, 5468000
1503442630.381841325, 1937000, 5468000
1503442630.673710600, 1937000, 5468000
1503442630.956090963, 1937000, 5468000
1503442631.242010876, 1937000, 5468000
1503442631.518649200, 1937000, 5468000
1503442631.798817594, 1937000, 5468000
1503442632.077858092, 1937000, 5468000
1503442632.359422784, 1937000, 5468000
1503442632.646231049, 1937000, 5468000
1503442632.929532565, 1937000, 5468000
1503442633.217072200, 1937000, 5468000
1503442633.501479792, 2437000, 5468000
1503442633.783048284, 2437000, 5468000
1503442634.065382687, 2437000, 5468000
1503442634.348362179, 2437000, 5468000
1503442634.631539874, 2437000, 5703000
1503442634.916758417, 2437000, 5703000
1503442635.206109077, 2437000, 5703000
1503442635.487468866, 2437000, 5703000
1503442635.770157814, 2437000, 5703000
1503442636.050650792, 2437000, 5703000
1503442636.332338867, 2437000, 5703000
1503442636.619243633, 2437000, 5703000
1503442636.894266115, 2437000, 5703000
1503442637.168871352, 2437000, 5468000
1503442637.442234012, 2437000, 5468000
1503442637.723376239, 2437000, 5468000
1503442637.997829113, 2437000, 5468000
1503442638.279175383, 2437000, 5468000
1503442638.554341927, 2437000, 5468000
1503442638.831675962, 2437000, 5468000
1503442639.111071565, 2437000, 5468000
1503442639.389760898, 2437000, 5468000
1503442639.675033521, 2437000, 5468000
1503442639.955357117, 2437000, 5468000
1503442640.232039262, 2437000, 5468000
1503442640.504073704, 2437000, 6406000
1503442640.781737543, 2437000, 6406000
1503442641.063338336, 2437000, 5468000
1503442641.338566621, 2437000, 5468000
1503442641.618208107, 2437000, 5468000
1503442641.893539674, 2437000, 5468000
1503442642.170790128, 2437000, 5468000
1503442642.457228407, 2437000, 5468000
1503442642.744878444, 2437000, 5468000
1503442643.022525302, 2437000, 5468000
1503442643.296168386, 2437000, 5468000
1503442643.569471725, 2437000, 6406000
1503442643.843945260, 2437000, 6406000
1503442644.121985504, 2437000, 5468000
1503442644.394746076, 2437000, 5468000
1503442644.669714178, 2437000, 5468000
1503442644.944665319, 2437000, 5468000
1503442645.218728909, 2437000, 5468000
1503442645.492638396, 2437000, 5468000
1503442645.768149405, 2437000, 5468000
1503442646.046566855, 2437000, 5468000
1503442646.321122931, 2437000, 5468000
1503442646.596031932, 2437000, 5468000
1503442646.874601084, 2437000, 5468000
1503442647.150962325, 2437000, 5468000
1503442647.428813266, 2437000, 5468000
1503442647.706457785, 2437000, 5468000
1503442647.980188670, 2437000, 5468000
1503442648.258494778, 2437000, 5468000
1503442648.535854512, 2437000, 5468000
1503442648.809870641, 2437000, 5468000
1503442649.085937698, 2437000, 5703000
1503442649.359359119, 2437000, 5703000
1503442649.637441324, 2437000, 5468000
1503442649.915580989, 2437000, 5468000
1503442650.195513299, 2437000, 5468000
1503442650.481054887, 2437000, 5468000
1503442650.761748007, 2437000, 5468000
1503442651.036096341, 2437000, 5468000
1503442651.316931284, 2437000, 5468000
1503442651.595308812, 2437000, 5468000
1503442651.870321155, 2437000, 5468000
1503442652.143110747, 2437000, 5703000
1503442652.417309158, 2437000, 5703000
1503442652.691245326, 2437000, 5218000
1503442652.965505258, 2437000, 5218000
1503442653.242298125, 2437000, 5468000
1503442653.521399124, 2437000, 5468000
1503442653.796457267, 2437000, 5468000
1503442654.073735441, 2437000, 5468000
1503442654.344766449, 2437000, 5468000
1503442654.619179443, 2437000, 5468000
1503442654.898112080, 2437000, 5468000
1503442655.172422173, 2437000, 5468000
1503442655.444375533, 2437000, 5468000
1503442655.718651025, 2437000, 5468000
1503442655.993624507, 2437000, 5468000
1503442656.270666598, 2437000, 5468000
1503442656.549309990, 2437000, 5468000
1503442656.822314005, 2437000, 5468000
1503442657.096549137, 2437000, 5468000
1503442657.369789816, 2437000, 5468000
1503442657.643286877, 2437000, 5468000
1503442657.921786628, 2437000, 5468000
1503442658.196634788, 2437000, 5468000
1503442658.471079723, 2437000, 5218000
1503442658.748781803, 2437000, 5218000
1503442659.022595769, 2437000, 5218000
1503442659.297492030, 2437000, 5468000
1503442659.576673050, 2437000, 5468000
1503442659.853743081, 2437000, 5468000
1503442660.131700184, 2437000, 5468000
1503442660.403965008, 2437000, 5468000
1503442660.678394003, 2437000, 5468000
1503442660.952581994, 2437000, 5468000
1503442661.229657265, 2437000, 5468000
1503442661.504012059, 2437000, 5468000
1503442661.785797855, 2437000, 5468000
1503442662.062998667, 2437000, 5468000
1503442662.338539377, 2437000, 5468000
1503442662.612407024, 2437000, 5468000
1503442662.886441853, 2437000, 5468000
1503442663.170781984, 2437000, 5468000
1503442663.445590124, 2437000, 5468000
1503442663.720835490, 2437000, 5468000
1503442663.993594801, 2437000, 5468000
1503442664.268830247, 2437000, 5468000
1503442664.544311536, 2437000, 5468000
1503442664.821671791, 2437000, 5468000
1503442665.094227100, 2437000, 5468000
1503442665.372692010, 2437000, 5468000
1503442665.647949816, 2437000, 5468000
1503442665.925103628, 2437000, 5468000
1503442666.199216479, 2437000, 5218000
1503442666.486928936, 2437000, 5468000
1503442666.775130740, 2437000, 5468000
1503442667.049801098, 2437000, 5468000
1503442667.325427389, 2437000, 5468000
1503442667.601472186, 2437000, 5468000
1503442667.874723044, 2437000, 5468000
1503442668.152668987, 2437000, 5468000
1503442668.430960335, 2437000, 5468000
1503442668.708478212, 2437000, 5468000
1503442668.982305238, 2437000, 5468000
1503442669.258172533, 2437000, 5468000
1503442669.544324209, 2437000, 5468000
1503442669.830130140, 2437000, 5468000
1503442670.106454481, 2437000, 5468000
1503442670.386612074, 2437000, 5468000
1503442670.660608983, 2437000, 5703000
1503442670.935973150, 2437000, 5703000
1503442671.211185096, 2437000, 5468000
1503442671.485014682, 2437000, 5468000
1503442671.762355517, 2437000, 5468000
1503442672.036297685, 2437000, 5468000
1503442672.311386728, 2437000, 5468000
1503442672.590676470, 2437000, 5468000
1503442672.866260360, 2437000, 5468000
1503442673.143975880, 2437000, 5468000
1503442673.421289055, 2437000, 5468000
1503442673.700589696, 2437000, 5468000
1503442673.974536304, 2437000, 5468000
1503442674.258875515, 2437000, 5468000
1503442674.542031870, 2437000, 5468000
1503442674.816680428, 2437000, 5468000
1503442675.093741619, 2437000, 5468000
1503442675.367747627, 2437000, 5468000
1503442675.645692651, 2437000, 5468000
1503442675.919750400, 2437000, 5468000
1503442676.200583783, 2437000, 5468000
1503442676.478444505, 2437000, 5468000
1503442676.753136603, 2437000, 5468000
1503442677.029053278, 2437000, 5468000
1503442677.305871586, 2437000, 5468000
1503442677.583945651, 2437000, 5468000
1503442677.861509548, 2437000, 5468000
1503442678.136550051, 2437000, 5468000
1503442678.413016114, 2437000, 5468000
1503442678.688399162, 2437000, 5468000
1503442678.962320530, 2437000, 5468000
1503442679.236701984, 2437000, 5468000
1503442679.513225767, 2437000, 5468000
1503442679.792663291, 2437000, 5468000
1503442680.071253763, 2437000, 5468000
1503442680.355904318, 2437000, 5468000
1503442680.639590600, 2437000, 5468000
1503442680.923056539, 2437000, 5468000
1503442681.206370316, 2437000, 5218000
1503442681.492720855, 2437000, 5468000
1503442681.772933409, 2437000, 5468000
1503442682.051600962, 2437000, 5468000
1503442682.331231328, 2437000, 5468000
1503442682.615042012, 2437000, 5468000
1503442682.897367335, 2437000, 5468000
1503442683.170710615, 2437000, 5468000
1503442683.448945442, 2437000, 5468000
1503442683.723883564, 2437000, 5468000
1503442683.997374446, 2437000, 5468000
1503442684.275753395, 2437000, 5468000
1503442684.552174037, 2437000, 5468000
1503442684.833254443, 2437000, 5468000
1503442685.112077218, 2437000, 5468000
1503442685.385649261, 2437000, 5468000
1503442685.657844905, 2437000, 5468000
1503442685.935236741, 2437000, 5468000
1503442686.210244864, 2437000, 5468000
1503442686.485759853, 2437000, 5468000
1503442686.758053939, 2437000, 5468000
1503442687.035855040, 2437000, 5468000
1503442687.310223934, 2437000, 5468000
1503442687.587400426, 2437000, 5468000
1503442687.870189236, 2437000, 5468000
1503442688.151551866, 2437000, 5468000
1503442688.433083179, 2437000, 5468000
1503442688.717255407, 2437000, 5468000
1503442689.004564119, 2437000, 5468000
1503442689.287881856, 2437000, 5468000
1503442689.571974024, 2437000, 5468000
1503442689.852568824, 2437000, 5468000
1503442690.132225290, 2437000, 5468000
1503442690.406841628, 2437000, 5468000
1503442690.686920740, 2937000, 5468000
1503442690.963390523, 2937000, 5468000
1503442691.242950628, 2437000, 5468000
1503442691.519411191, 2437000, 5468000
1503442691.796583183, 2437000, 5468000
1503442692.078120796, 2437000, 5468000
1503442692.351322954, 2437000, 5468000
1503442692.626845684, 2437000, 5468000
1503442692.900712291, 2437000, 5468000
1503442693.178584313, 2437000, 5468000
1503442693.454101543, 2437000, 5468000
1503442693.729340989, 2437000, 5468000
1503442694.004165709, 2937000, 5468000
1503442694.282743701, 2937000, 5468000
1503442694.560865986, 2437000, 5468000
1503442694.837953938, 2437000, 5468000
1503442695.112317072, 2437000, 5468000
1503442695.392694688, 2437000, 5468000
1503442695.666876040, 2437000, 5468000
1503442695.941353675, 2437000, 5468000
1503442696.219202137, 2437000, 5468000
1503442696.493047444, 2437000, 5468000
1503442696.766641147, 2437000, 5468000
1503442697.041196004, 2437000, 5468000
1503442697.314874728, 2437000, 5468000
1503442697.590518660, 2437000, 5468000
1503442697.870611952, 2437000, 5468000
1503442698.158152147, 2437000, 5468000
1503442698.441772969, 2437000, 5468000
1503442698.723241960, 2437000, 5468000
1503442698.996971126, 2437000, 5468000
1503442699.271866627, 2437000, 5468000
1503442699.549341744, 2437000, 5468000
1503442699.827720213, 2437000, 5468000
1503442700.105935440, 2437000, 5468000
1503442700.381209546, 2437000, 5468000
1503442700.653894797, 2437000, 5468000
1503442700.933336361, 2437000, 5468000
1503442701.216236372, 2937000, 5468000
1503442701.501609637, 2937000, 5468000
1503442701.785894068, 2437000, 5468000
1503442702.058399536, 2437000, 5468000
1503442702.335557169, 2437000, 5468000
1503442702.610836515, 2437000, 5468000
1503442702.885268890, 2437000, 5468000
1503442703.161194905, 2437000, 5468000
1503442703.440878413, 2437000, 5468000
1503442703.727728058, 2437000, 5468000
1503442704.011180417, 2437000, 5468000
1503442704.291751877, 2437000, 5468000
1503442704.565018315, 2437000, 5468000
1503442704.838386276, 2437000, 5468000
1503442705.112334704, 2437000, 5468000
1503442705.388423102, 2437000, 5468000
1503442705.666797951, 2437000, 5468000
1503442705.948591227, 2437000, 5468000
1503442706.223246645, 2437000, 5468000
1503442706.497032571, 2437000, 5468000
1503442706.772372158, 2437000, 5468000
1503442707.046969896, 2437000, 5468000
1503442707.329342620, 2437000, 6406000
1503442707.602649199, 2437000, 6406000
1503442707.878362772, 2437000, 6406000
1503442708.157515412, 2437000, 5468000
1503442708.433083322, 2437000, 5468000
1503442708.705544190, 2437000, 5468000
1503442708.985942807, 2437000, 5468000
1503442709.273542543, 2437000, 5468000
1503442709.560169326, 2437000, 5468000
1503442709.842215825, 2437000, 5468000
1503442710.119875925, 2437000, 5468000
1503442710.393239025, 2437000, 5468000
1503442710.673458499, 2437000, 5468000
1503442710.947982016, 2437000, 5468000
1503442711.222420151, 2437000, 5468000
1503442711.497804219, 2437000, 5468000
1503442711.774144960, 2437000, 5468000
1503442712.049335465, 2437000, 5703000
1503442712.327892217, 2437000, 5703000
1503442712.604895827, 2437000, 5468000
1503442712.878138526, 2437000, 5468000
1503442713.154607449, 2437000, 5468000
1503442713.432979038, 2437000, 5468000
1503442713.706853885, 2437000, 5468000
1503442713.980693512, 2437000, 5468000
1503442714.254650460, 2437000, 5468000
1503442714.533099951, 2437000, 5468000
1503442714.808138634, 2437000, 5468000
1503442715.081957181, 2437000, 5468000
1503442715.354402408, 2437000, 5468000
1503442715.629597414, 1937000, 5468000
1503442715.903514241, 1937000, 5468000
1503442716.174876154, 2437000, 5468000
1503442716.453933593, 2437000, 5468000
1503442716.731631713, 2437000, 5468000
1503442717.006552454, 2437000, 5468000
1503442717.282647452, 2437000, 5468000
1503442717.563720919, 2437000, 5218000
1503442717.847327000, 2437000, 5218000
1503442718.122279442, 2437000, 5468000
1503442718.396619996, 2437000, 5468000
1503442718.671513437, 2437000, 5468000
1503442718.945072040, 2437000, 5468000
1503442719.219465214, 2437000, 5468000
1503442719.494753381, 2437000, 5468000
1503442719.769166816, 2437000, 5468000
1503442720.042207572, 2437000, 5468000
1503442720.316906490, 2437000, 5468000
1503442720.590294791, 2437000, 5218000
1503442720.864659345, 2437000, 5218000
1503442721.140335317, 2437000, 5468000
1503442721.414501609, 2437000, 5468000
1503442721.688447497, 2437000, 5468000
1503442721.962190902, 2437000, 5468000
1503442722.235432381, 2437000, 5218000
1503442722.510460844, 2437000, 5218000
1503442722.784740777, 2437000, 5218000
1503442723.057836014, 2437000, 5218000
1503442723.334490719, 2437000, 5218000
1503442723.618445625, 2437000, 5468000
1503442723.892764839, 2437000, 5468000
1503442724.168397330, 2437000, 5218000
1503442724.441280184, 2437000, 5218000
1503442724.716107165, 2437000, 5218000
1503442724.993802305, 2437000, 5218000
1503442725.270482430, 2437000, 5468000
1503442725.557369437, 2437000, 5468000
1503442725.841078299, 2437000, 5468000
1503442726.114651423, 2437000, 5468000
1503442726.389702226, 2437000, 5468000
1503442726.664209262, 2437000, 5468000
1503442726.942002424, 2437000, 5468000
1503442727.216221396, 2437000, 5218000
1503442727.501643122, 2437000, 5468000
1503442727.779800288, 2437000, 5468000
1503442728.055426380, 2437000, 5468000
1503442728.334027512, 2437000, 5218000
1503442728.611070263, 2437000, 5218000
1503442728.885783102, 2437000, 5218000
1503442729.161574316, 2437000, 5468000
1503442729.438886330, 2437000, 5468000
1503442729.725122788, 2437000, 5468000
1503442730.006594180, 2437000, 5468000
1503442730.280426366, 2437000, 5468000
1503442730.558108466, 2437000, 5468000
1503442730.836307233, 2437000, 5468000
1503442731.115023387, 2437000, 5468000
1503442731.388999756, 2437000, 5468000
1503442731.664595987, 2437000, 5468000
1503442731.939686291, 2437000, 5468000
1503442732.216018212, 2437000, 5468000
1503442732.492917861, 2437000, 5703000
1503442732.769549487, 2437000, 5703000
1503442733.053749536, 2437000, 5703000
1503442733.342418327, 2437000, 5703000
1503442733.626882240, 2437000, 5468000
1503442733.904298256, 2437000, 5468000
1503442734.176422580, 2437000, 6406000
1503442734.449665398, 2437000, 6406000
1503442734.724663481, 2437000, 6406000
1503442735.001135484, 2437000, 5468000
1503442735.279589035, 2437000, 5468000
1503442735.557443637, 2437000, 5468000
1503442735.832407919, 2437000, 5468000
1503442736.110115199, 2437000, 5468000
1503442736.386891787, 2437000, 5468000
1503442736.662729341, 2437000, 5468000
1503442736.939286746, 2437000, 5468000
1503442737.214935137, 2437000, 5468000
1503442737.488371039, 2437000, 5468000
1503442737.764184413, 2437000, 5468000
1503442738.042157677, 2437000, 5468000
1503442738.317949711, 2437000, 5468000
1503442738.595492468, 2437000, 5468000
1503442738.870953938, 2437000, 5468000
1503442739.148693938, 2437000, 5468000
1503442739.423984985, 2437000, 5468000
1503442739.698461061, 2437000, 5218000
1503442739.973065198, 2437000, 5218000
1503442740.244957139, 2437000, 5468000
1503442740.519647817, 2437000, 5468000
1503442740.794370056, 2437000, 5468000
1503442741.070128130, 2437000, 5468000
1503442741.345162633, 2437000, 5468000
1503442741.632305883, 2437000, 5218000
1503442741.911374862, 2437000, 5218000
1503442742.185754797, 2437000, 5468000
1503442742.463253354, 2437000, 5468000
1503442742.736181988, 2437000, 5468000
1503442743.012694792, 2437000, 5468000
1503442743.290053147, 2437000, 5468000
1503442743.567057278, 2437000, 5468000
1503442743.847162731, 2437000, 5468000
1503442744.124585447, 2437000, 5468000
1503442744.404874403, 2437000, 5468000
1503442744.684546250, 2437000, 5468000
1503442744.958845764, 2437000, 5468000
1503442745.232439427, 2437000, 5468000
1503442745.505619485, 2437000, 5468000
1503442745.780790371, 2437000, 5468000
1503442746.055683352, 2437000, 5468000
1503442746.330819057, 2437000, 5468000
1503442746.604310859, 2437000, 5468000
1503442746.879382083, 2437000, 5468000
1503442747.158281500, 2437000, 5468000
1503442747.432692815, 2437000, 5468000
1503442747.707906721, 2437000, 5468000
1503442747.987345845, 2437000, 5468000
1503442748.262541630, 2437000, 5468000
1503442748.536327097, 2437000, 5468000
1503442748.813757273, 2437000, 5468000
1503442749.091618675, 2437000, 5218000
1503442749.365829807, 2437000, 5218000
1503442749.640451665, 2437000, 5218000
1503442749.914759079, 2437000, 5218000
1503442750.189903164, 2437000, 5468000
1503442750.464278278, 2437000, 5468000
1503442750.741442431, 2437000, 5468000
1503442751.018499402, 2437000, 5468000
1503442751.291210954, 2437000, 5468000
1503442751.566261137, 2437000, 5468000
1503442751.844637647, 2437000, 5468000
1503442752.120231598, 2437000, 5468000
1503442752.396719361, 2437000, 5468000
1503442752.673386847, 2437000, 5468000
1503442752.948414671, 2437000, 5468000
1503442753.227517250, 2437000, 5468000
1503442753.505208610, 2437000, 5468000
1503442753.781460511, 2437000, 5468000
1503442754.056653896, 2437000, 5468000
1503442754.333833289, 2437000, 5468000
1503442754.610562036, 2437000, 5468000
1503442754.884280181, 2437000, 5468000
1503442755.161986142, 2437000, 5468000
1503442755.436064512, 2437000, 5468000
1503442755.709338851, 2437000, 5468000
1503442755.987242134, 2437000, 5468000
1503442756.263931661, 2437000, 5468000
1503442756.539553412, 2437000, 5468000
1503442756.812841272, 2437000, 5468000
1503442757.090203387, 2437000, 5468000
1503442757.365934220, 2437000, 5468000
1503442757.650822179, 2437000, 5468000
1503442757.935393194, 2437000, 5468000
1503442758.210467998, 2437000, 5468000
1503442758.490174566, 2437000, 5468000
1503442758.763275883, 2437000, 5468000
1503442759.041715733, 2437000, 5468000
1503442759.316181429, 2437000, 5468000
1503442759.590689745, 2437000, 5468000
1503442759.863820522, 2437000, 5468000
1503442760.138937167, 2437000, 5468000
1503442760.414520418, 2437000, 5468000
1503442760.691755352, 2437000, 5468000
1503442760.980166080, 2437000, 5468000
1503442761.266126573, 2437000, 5468000
1503442761.542666198, 2437000, 5468000
1503442761.817088993, 2437000, 5468000
1503442762.092395340, 2437000, 5468000
1503442762.368336676, 2437000, 5468000
1503442762.642893933, 2437000, 5468000
1503442762.923404532, 2437000, 5468000
1503442763.203661667, 2437000, 5468000
1503442763.479459521, 2437000, 5468000
1503442763.757173522, 2437000, 5468000
1503442764.034734140, 2437000, 5468000
1503442764.310363172, 2437000, 6406000
1503442764.585350495, 2437000, 6406000
1503442764.862513928, 2437000, 6406000
1503442765.142393418, 2437000, 5468000
1503442765.414871826, 2437000, 5468000
1503442765.690655200, 2937000, 5468000
1503442765.972561178, 2937000, 5468000
1503442766.246761610, 2437000, 5468000
1503442766.518742112, 2437000, 5468000
1503442766.793553992, 2437000, 5468000
1503442767.070699825, 2437000, 5468000
1503442767.345065359, 2437000, 5468000
1503442767.628171594, 2437000, 5468000
1503442767.909278021, 2437000, 5468000
1503442768.194180560, 2437000, 5468000
1503442768.467955927, 2437000, 5468000
1503442768.746326796, 2437000, 5468000
1503442769.022115210, 2437000, 5468000
1503442769.295182147, 2437000, 5468000
1503442769.574265426, 2437000, 5468000
1503442769.849911918, 2437000, 5468000
1503442770.127537197, 2437000, 5468000
1503442770.408675485, 2437000, 5468000
1503442770.681860903, 2437000, 5468000
1503442770.962954530, 2437000, 5468000
1503442771.247535685, 2437000, 5468000
1503442771.531246808, 2437000, 5468000
1503442771.811200279, 2437000, 5468000
1503442772.084871984, 2437000, 5468000
1503442772.358639990, 2437000, 5468000
1503442772.633825756, 2437000, 5218000
1503442772.907681543, 2437000, 5218000
1503442773.184850576, 2437000, 5468000
1503442773.458985907, 2437000, 5468000
1503442773.737958805, 2437000, 5468000
1503442774.017206027, 2437000, 5468000
1503442774.292457553, 2437000, 5468000
1503442774.565536050, 2437000, 5468000
1503442774.842022934, 2437000, 5468000
1503442775.116426968, 2437000, 5218000
1503442775.390848384, 2437000, 5218000
1503442775.664254545, 2437000, 5468000
1503442775.938681720, 2437000, 5468000
1503442776.213824385, 2437000, 5218000
1503442776.491604547, 2437000, 5218000
1503442776.766214404, 2437000, 5218000
1503442777.044035246, 2437000, 5218000
1503442777.319878101, 2437000, 5218000
1503442777.598965121, 2437000, 5468000
1503442777.876753082, 2437000, 5468000
1503442778.153162405, 2437000, 5468000
1503442778.428034106, 2437000, 5468000
1503442778.702473422, 1937000, 5218000
1503442778.975634819, 1937000, 5218000
1503442779.248184429, 2437000, 5468000
1503442779.522172318, 2437000, 5468000
1503442779.800286044, 2437000, 5468000
1503442780.083291677, 2437000, 5468000
1503442780.360299888, 2437000, 5468000
1503442780.634043854, 2437000, 5468000
1503442780.909794128, 2437000, 5468000
1503442781.184828571, 2437000, 5468000
1503442781.459702193, 2437000, 5468000
1503442781.733650041, 2437000, 5468000
1503442782.008778386, 2437000, 5468000
1503442782.283950832, 2437000, 5468000
1503442782.558639591, 2437000, 5468000
1503442782.831882030, 1937000, 5468000
1503442783.109847954, 1937000, 5468000
1503442783.397839536, 1937000, 5468000
1503442783.677650425, 2437000, 5468000
1503442783.954973500, 2437000, 5468000
1503442784.226422815, 2437000, 5468000
1503442784.505038508, 2437000, 5468000
1503442784.780316035, 2437000, 5468000
1503442785.054548807, 2437000, 5468000
1503442785.330283901, 2437000, 5468000
1503442785.604126768, 2437000, 5468000
1503442785.879355694, 2437000, 5468000
1503442786.153966832, 2437000, 5468000
1503442786.428532209, 2437000, 5468000
1503442786.708332439, 2437000, 5468000
1503442786.982767134, 2437000, 5468000
1503442787.257133569, 2437000, 5468000
1503442787.532651659, 2437000, 5468000
1503442787.805208829, 2437000, 5468000
1503442788.081198785, 2437000, 5468000
1503442788.359682817, 2437000, 5468000
1503442788.635825896, 2437000, 5468000
1503442788.914499929, 2437000, 5468000
1503442789.198789160, 2437000, 5468000
1503442789.473306377, 2437000, 5468000
1503442789.747684292, 2437000, 5468000
1503442790.024850025, 2437000, 5468000
1503442790.296992089, 2437000, 5468000
1503442790.573745956, 2437000, 5468000
1503442790.851451676, 2437000, 5468000
1503442791.125331964, 2437000, 5218000
1503442791.401029417, 2437000, 5218000
1503442791.675873178, 2437000, 5218000
1503442791.950976063, 2437000, 5218000
1503442792.225714963, 2437000, 5218000
1503442792.503664366, 2437000, 5468000
1503442792.778183143, 2437000, 5468000
1503442793.057085700, 2437000, 5468000
1503442793.332960035, 2437000, 5468000
1503442793.611140522, 2437000, 5468000
1503442793.884424842, 2437000, 5468000
1503442794.162359606, 2437000, 5468000
1503442794.440674034, 2437000, 5468000
1503442794.718509457, 2437000, 5468000
1503442794.995636409, 2437000, 5468000
1503442795.267039523, 2437000, 5468000
1503442795.542694495, 2437000, 5468000
1503442795.822015618, 2437000, 5468000
1503442796.095869786, 2437000, 5468000
1503442796.371815922, 2437000, 5468000
1503442796.649476262, 2437000, 5468000
1503442796.926557634, 2437000, 5468000
1503442797.204001331, 2437000, 5468000
1503442797.490713695, 2437000, 5468000
1503442797.774067393, 2437000, 5468000
1503442798.052027457, 2437000, 5468000
1503442798.326352031, 2437000, 5468000
1503442798.600792347, 2437000, 5468000
1503442798.875224382, 2437000, 5468000
1503442799.146575875, 2437000, 5468000
1503442799.421753701, 2437000, 5468000
1503442799.701322767, 2437000, 5468000
1503442799.980096102, 2437000, 5468000
1503442800.253929710, 2437000, 5468000
1503442800.528740730, 2437000, 5468000
1503442800.803697513, 2437000, 5468000
1503442801.080908907, 2437000, 5468000
1503442801.358815350, 2437000, 5468000
1503442801.635697639, 2437000, 5468000
1503442801.914696838, 2437000, 5468000
1503442802.189122693, 2437000, 5468000
1503442802.472748775, 2437000, 5468000
1503442802.748050063, 2437000, 5468000
1503442803.032432915, 2437000, 5468000
1503442803.306097760, 2437000, 5468000
1503442803.585059538, 2437000, 5468000
1503442803.859021567, 2437000, 5468000
1503442804.133465502, 2437000, 5468000
1503442804.409865465, 2437000, 5468000
1503442804.688183174, 2437000, 5468000
1503442804.966445402, 2437000, 5468000
1503442805.241603008, 2437000, 5468000
1503442805.519556312, 2437000, 5218000
1503442805.799913209, 2437000, 5218000
1503442806.074858791, 2437000, 5468000
1503442806.348370514, 2437000, 5468000
1503442806.622925951, 2437000, 5468000
1503442806.900838235, 2437000, 5468000
1503442807.175955240, 2437000, 5218000
1503442807.453833963, 2437000, 5218000
1503442807.728923307, 2437000, 5468000
1503442808.002693694, 2437000, 5468000
1503442808.280460275, 2437000, 5468000
1503442808.556125408, 2437000, 5468000
1503442808.833668366, 2437000, 5468000
1503442809.108861112, 2437000, 5468000
1503442809.385973884, 2437000, 5468000
1503442809.664565997, 2437000, 5468000
1503442809.939816784, 2437000, 5468000
1503442810.214141478, 2437000, 5468000
1503442810.491869059, 2437000, 5468000
1503442810.767594872, 2437000, 5468000
1503442811.045144491, 2437000, 5468000
1503442811.321936679, 2437000, 5468000
1503442811.598111118, 2437000, 5218000
1503442811.871787463, 2437000, 5218000
1503442812.146890868, 2437000, 5468000
1503442812.421734909, 2437000, 5468000
1503442812.695512676, 2437000, 5468000
1503442812.972287064, 2437000, 5468000
1503442813.250136366, 2437000, 5468000
1503442813.524352199, 2437000, 5468000
1503442813.799602646, 2437000, 5468000
1503442814.083505952, 2437000, 5468000
1503442814.359977155, 2437000, 5468000
1503442814.639490501, 3906000, 6406000
1503442814.914580005, 3906000, 6406000
1503442815.193084277, 2437000, 5468000
1503442815.473393813, 2437000, 5468000
1503442815.750640328, 2437000, 5468000
1503442816.025724712, 2437000, 5468000
1503442816.303014627, 2437000, 5468000
1503442816.581827003, 2437000, 5218000
1503442816.854278171, 2437000, 5218000
1503442817.132077293, 2437000, 5468000
1503442817.409283607, 2437000, 5468000
1503442817.685722790, 2437000, 5468000
1503442817.959906782, 2437000, 5468000
1503442818.237805006, 2437000, 5218000
1503442818.514050726, 2437000, 5218000
1503442818.791534624, 2437000, 5218000
1503442819.065653735, 2437000, 5468000
1503442819.339104777, 2437000, 5468000
1503442819.617585789, 2437000, 5468000
1503442819.896338304, 2437000, 5468000
1503442820.171698572, 2437000, 5468000
1503442820.444881590, 2437000, 5468000
1503442820.718701978, 2437000, 5468000
1503442820.994236788, 2437000, 5468000
1503442821.271087257, 2437000, 5468000
1503442821.549099022, 2437000, 5468000
1503442821.822294001, 2437000, 5468000
1503442822.100876134, 2437000, 5218000
1503442822.376753209, 2437000, 5218000
1503442822.651955615, 2437000, 5218000
1503442822.924272262, 2437000, 5218000
1503442823.199418707, 2437000, 5468000
1503442823.479242457, 2437000, 6406000
1503442823.758330437, 2437000, 6406000
1503442824.034526537, 2437000, 6406000
1503442824.306558699, 2437000, 5468000
1503442824.589115767, 2437000, 5468000
1503442824.863573603, 2437000, 5468000
1503442825.142053074, 2437000, 5218000
1503442825.415107591, 2437000, 5218000
1503442825.690892365, 2437000, 5468000
1503442825.965323921, 2437000, 5468000
1503442826.239836997, 2437000, 5468000
1503442826.513154978, 2437000, 5218000
1503442826.790564194, 2437000, 5218000
1503442827.066519171, 2437000, 5218000
1503442827.343442561, 2437000, 5218000
1503442827.615431283, 2437000, 5218000
1503442827.889655536, 2437000, 5218000
1503442828.168026945, 2437000, 5218000
1503442828.441470867, 2437000, 5218000
1503442828.715249514, 2437000, 5468000
1503442828.989370846, 2437000, 5218000
1503442829.267779196, 2437000, 5218000
1503442829.545295814, 2437000, 5218000
1503442829.823538162, 2437000, 5218000
1503442830.099714402, 2437000, 5468000
1503442830.374082117, 2437000, 5468000
1503442830.651593695, 2437000, 5468000
1503442830.925332761, 2437000, 5468000
1503442831.201401559, 2437000, 5218000
1503442831.474982363, 2437000, 5468000
1503442831.752718964, 2437000, 5468000
1503442832.026478850, 2437000, 5468000
1503442832.304539596, 2437000, 5468000
1503442832.579312596, 2437000, 5218000
1503442832.854261239, 2437000, 5218000
1503442833.128410491, 2437000, 5468000
1503442833.402335600, 2437000, 5468000
1503442833.679124548, 2437000, 5468000
1503442833.954071051, 2437000, 5468000
1503442834.233138370, 2437000, 5218000
1503442834.511585261, 2437000, 5468000
1503442834.785194805, 2437000, 5468000
1503442835.062111695, 2437000, 5218000
1503442835.340397864, 2437000, 5218000
1503442835.614214071, 2437000, 5218000
1503442835.889264855, 2437000, 5218000
1503442836.163854833, 1937000, 5218000
1503442836.439540326, 1937000, 5218000
1503442836.713238212, 1937000, 5218000
1503442836.994083216, 1937000, 5218000
1503442837.322872479, 1937000, 5218000
1503442837.597952104, 2437000, 5218000
1503442837.873117070, 2437000, 5218000
1503442838.146418790, 2437000, 5218000
1503442838.424365034, 2437000, 5218000
1503442838.712012232, 2437000, 5218000
1503442839.000075535, 2437000, 5218000
1503442839.281931433, 2437000, 5468000
1503442839.557538985, 2437000, 5468000
1503442839.831392372, 2437000, 5468000
1503442840.105665106, 2437000, 5218000
1503442840.380817752, 2437000, 5218000
1503442840.655411990, 2437000, 5218000
1503442840.928840031, 2437000, 5218000
1503442841.204036878, 1937000, 5218000
1503442841.478568335, 1937000, 5218000
1503442841.757328930, 1937000, 5218000
1503442842.039978719, 2437000, 5218000
1503442842.324388332, 2437000, 5218000
1503442842.609496055, 1937000, 5218000
1503442842.891851239, 1937000, 5218000
1503442843.179155432, 1937000, 5218000
1503442843.462931556, 1937000, 5218000
1503442843.746494498, 2437000, 5468000
1503442844.029649794, 2437000, 5468000
1503442844.312754069, 2437000, 5468000
1503442844.592751161, 2437000, 5218000
1503442844.873861869, 2437000, 5218000
1503442845.152387801, 2437000, 5218000
1503442845.427357864, 2437000, 5218000
1503442845.702695512, 2437000, 5218000
1503442845.976219655, 2437000, 5218000
1503442846.252093171, 2437000, 5218000
1503442846.527208396, 2437000, 5218000
1503442846.804820176, 2437000, 5218000
1503442847.078066315, 2437000, 5468000
1503442847.354633660, 2437000, 5468000
1503442847.630498976, 2437000, 5218000
1503442847.904671908, 2437000, 5218000
1503442848.177421061, 1937000, 5218000
1503442848.454148268, 1937000, 5218000
1503442848.731973750, 1937000, 5218000
1503442849.007778805, 1937000, 5218000
1503442849.283543319, 1937000, 5218000
1503442849.557283846, 2437000, 5218000
1503442849.834387558, 2437000, 5218000
1503442850.109597065, 2437000, 5218000
1503442850.385595682, 2437000, 5218000
1503442850.662844296, 1937000, 5468000
1503442850.941694533, 1937000, 5468000
1503442851.216818718, 2437000, 5218000
1503442851.495022186, 2437000, 5218000
1503442851.770139091, 1937000, 5218000
1503442852.048368739, 1937000, 5218000
1503442852.326700849, 1937000, 5218000
1503442852.603366075, 2437000, 5218000
1503442852.879477794, 2437000, 5218000
1503442853.153454164, 2437000, 5218000
1503442853.428429047, 2437000, 5218000
1503442853.703517312, 1937000, 5218000
1503442853.976713471, 1937000, 5218000
1503442854.250109172, 2437000, 5468000
1503442854.524072122, 2437000, 5468000
1503442854.799785235, 2437000, 5468000
1503442855.078565871, 2437000, 5218000
1503442855.365807343, 2437000, 5218000
1503442855.649821430, 2437000, 5218000
1503442855.932838244, 2437000, 5218000
1503442856.221555877, 2437000, 5218000
1503442856.503362534, 2437000, 5218000
1503442856.777992153, 2437000, 5218000
1503442857.056982711, 2437000, 5218000
1503442857.331575169, 2437000, 5468000
1503442857.611297398, 1937000, 5468000
1503442857.889610427, 1937000, 5468000
1503442858.168794468, 1937000, 5218000
1503442858.459533508, 1937000, 5218000
1503442858.747479270, 2437000, 5218000
1503442859.026504449, 2437000, 5218000
1503442859.303032374, 2437000, 5218000
1503442859.580030285, 2437000, 5218000
1503442859.858971903, 2437000, 5218000
1503442860.132723169, 1937000, 5218000
1503442860.407735413, 1937000, 5218000
1503442860.685051429, 2437000, 5218000
1503442860.963374038, 2437000, 5218000
1503442861.238366242, 2437000, 5218000
1503442861.515563636, 2437000, 5218000
1503442861.792415765, 2437000, 5218000
1503442862.066561757, 2437000, 5468000
1503442862.341701522, 2437000, 5468000
1503442862.619740148, 2437000, 5218000
1503442862.897655732, 2437000, 5218000
1503442863.176620390, 2437000, 5218000
1503442863.452284503, 2437000, 5218000
1503442863.727466569, 1937000, 5218000
1503442864.003740810, 1937000, 5218000
1503442864.280861863, 1937000, 5218000
1503442864.560893716, 2437000, 5218000
1503442864.837091296, 2437000, 5218000
1503442865.117735837, 2437000, 5468000
1503442865.400803252, 2437000, 5468000
1503442865.683833266, 2437000, 5468000
1503442865.967545630, 2437000, 5468000
1503442866.248272272, 2437000, 5468000
1503442866.529794246, 2437000, 5468000
1503442866.813851034, 2437000, 5468000
1503442867.098304408, 2437000, 5218000
1503442867.382410517, 2437000, 5218000
1503442867.663312082, 2437000, 5218000
1503442867.944420770, 2437000, 5218000
1503442868.222756279, 2437000, 5218000
1503442868.500902666, 2437000, 5468000
1503442868.775271221, 2437000, 5468000
1503442869.048663243, 2437000, 5468000
1503442869.327162635, 2437000, 5218000
1503442869.602787807, 2437000, 5218000
1503442869.881966088, 2437000, 5218000
1503442870.162974095, 2437000, 5468000
1503442870.444792412, 2437000, 5468000
1503442870.722044407, 2437000, 5468000
1503442871.007152390, 2437000, 5468000
1503442871.289709557, 2437000, 5468000
1503442871.571420753, 2437000, 5468000
1503442871.854636250, 2437000, 5468000
1503442872.144306756, 2437000, 5468000
1503442872.435099437, 2437000, 5468000
1503442872.723987312, 2437000, 5468000
1503442873.012524422, 2437000, 5468000
1503442873.294898827, 2437000, 5468000
1503442873.571274429, 2437000, 5468000
1503442873.845037916, 2437000, 5468000
1503442874.123926093, 2437000, 5468000
1503442874.402293964, 2437000, 5468000
1503442874.677332088, 2437000, 5468000
1503442874.954278458, 2437000, 5468000
1503442875.232428205, 2437000, 5468000
1503442875.510762375, 2437000, 5468000
1503442875.787809647, 2437000, 5468000
1503442876.064772378, 2437000, 5468000
1503442876.344944573, 2437000, 5468000
1503442876.623539766, 2437000, 5468000
1503442876.898760593, 2437000, 5468000
1503442877.173911379, 2437000, 5468000
1503442877.446689992, 2437000, 5468000
1503442877.720799123, 2437000, 5468000
1503442877.995986950, 2437000, 5468000
1503442878.279179626, 2437000, 5468000
1503442878.554825259, 2437000, 5468000
1503442878.827273667, 2437000, 5468000
1503442879.105046429, 2437000, 5468000
1503442879.380927965, 2437000, 5468000
1503442879.655348661, 2437000, 5218000
1503442879.931398119, 2437000, 5218000
1503442880.218007643, 2437000, 5218000
1503442880.496295732, 2437000, 5468000
1503442880.778035368, 2437000, 5468000
1503442881.052072199, 2437000, 5468000
1503442881.326050769, 2437000, 5468000
1503442881.604587021, 2437000, 5468000
1503442881.885281043, 2437000, 5468000
1503442882.170008141, 2437000, 5468000
1503442882.451962580, 2437000, 5468000
1503442882.736085210, 2437000, 5703000
1503442883.024890603, 2437000, 5468000
1503442883.303961183, 2437000, 5468000
1503442883.581886127, 2437000, 5468000
1503442883.856413845, 2437000, 5468000
1503442884.132978210, 2437000, 5468000
1503442884.406892919, 2437000, 5468000
1503442884.686413965, 2437000, 5468000
1503442884.963816982, 2437000, 5468000
1503442885.242282793, 2437000, 5468000
1503442885.526200360, 2437000, 5468000
1503442885.809496178, 2437000, 5468000
1503442886.091813062, 2437000, 5468000
1503442886.373289015, 2437000, 5468000
1503442886.653038224, 2437000, 5703000
1503442886.939698329, 2437000, 5703000
1503442887.222182075, 2437000, 5468000
1503442887.506062301, 2437000, 5468000
1503442887.790272272, 2437000, 5468000
1503442888.074386401, 2437000, 5468000
1503442888.359065738, 2437000, 5468000
1503442888.641393103, 2437000, 5468000
1503442888.921696120, 2437000, 5468000
1503442889.204916537, 2437000, 5468000
1503442889.486081045, 2437000, 5218000
1503442889.768805035, 2437000, 5218000
1503442890.051872630, 2437000, 5218000
1503442890.336417805, 2437000, 5218000
1503442890.618506507, 2437000, 5218000
1503442890.899718416, 2437000, 5218000
1503442891.190089351, 2437000, 5468000
1503442891.473628033, 2437000, 5468000
1503442891.757617000, 2437000, 5468000
1503442892.040394691, 2437000, 5468000
1503442892.327395260, 2437000, 5468000
1503442892.611299686, 2437000, 5468000
1503442892.895152732, 2437000, 5468000
1503442893.182127101, 2437000, 5468000
1503442893.466682976, 2437000, 5468000
1503442893.749198983, 2437000, 5468000
1503442894.037120045, 2437000, 5468000
1503442894.317819967, 2437000, 5468000
1503442894.594227251, 2437000, 5468000
1503442894.870220148, 2437000, 5468000
1503442895.148711600, 2437000, 5468000
1503442895.427158731, 2437000, 5468000
1503442895.702160175, 2437000, 5468000
1503442895.976083564, 2437000, 5468000
1503442896.274148526, 2437000, 5468000
1503442896.551438981, 2437000, 5468000
1503442896.836493163, 2437000, 5468000
1503442897.115695485, 2437000, 5468000
1503442897.398881861, 2437000, 5468000
1503442897.685453045, 2437000, 5468000
1503442897.969271470, 2437000, 5468000
1503442898.252262524, 2437000, 5218000
1503442898.534991874, 2437000, 5468000
1503442898.807063457, 2437000, 5468000
1503442899.080487340, 2437000, 5468000
1503442899.354971516, 2437000, 5468000
1503442899.630107502, 2437000, 5468000
1503442899.903277701, 2437000, 5468000
1503442900.180998022, 2437000, 5468000
1503442900.456038047, 2437000, 5468000
1503442900.730961550, 2437000, 5468000
1503442901.006518281, 2937000, 5468000
1503442901.288304178, 2937000, 5468000
1503442901.571075909, 2437000, 5468000
1503442901.854846914, 2437000, 5468000
1503442902.137963849, 2437000, 5468000
1503442902.421111526, 2437000, 5468000
1503442902.704924851, 2437000, 5468000
1503442902.986977292, 2437000, 5468000
1503442903.268860010, 2437000, 5468000
1503442903.552217389, 2437000, 5468000
1503442903.836358799, 2437000, 5468000
1503442904.119853600, 2437000, 5468000
1503442904.402084243, 2437000, 5468000
1503442904.685940229, 2437000, 5468000
1503442904.969613312, 2437000, 5468000
1503442905.251197107, 2437000, 5468000
1503442905.531604005, 2437000, 5468000
1503442905.815273488, 2437000, 5468000
1503442906.099585820, 2437000, 5468000
1503442906.382332051, 2437000, 5468000
1503442906.664569714, 2437000, 5468000
1503442906.940749015, 2437000, 5468000
1503442907.218252053, 2437000, 5468000
1503442907.493377839, 2437000, 5468000
1503442907.770999119, 2437000, 5468000
1503442908.047431602, 2437000, 5468000
1503442908.320009973, 2437000, 5468000
1503442908.595117978, 2437000, 5468000
1503442908.876382449, 2437000, 5468000
1503442909.160256595, 2437000, 5468000
1503442909.439375035, 2437000, 5468000
1503442909.712625355, 2437000, 5468000
1503442909.988074885, 2437000, 5468000
1503442910.265942929, 2437000, 5468000
1503442910.553342683, 2437000, 5468000
1503442910.839862346, 2437000, 5468000
1503442911.122246331, 2437000, 5468000
1503442911.407325654, 2437000, 5468000
1503442911.682373839, 2437000, 5468000
1503442911.957475084, 2437000, 5468000
1503442912.232723491, 2437000, 5468000
1503442912.507948478, 2437000, 5468000
1503442912.784009917, 2437000, 5468000
1503442913.055140948, 2437000, 5468000
1503442913.336537780, 2437000, 5468000
1503442913.620709110, 2437000, 5468000
1503442913.904678797, 2437000, 5468000
1503442914.188558504, 2437000, 5468000
1503442914.472277788, 2437000, 5468000
1503442914.755599946, 2437000, 5468000
1503442915.039647854, 2437000, 5468000
1503442915.321031966, 2437000, 5468000
1503442915.606901180, 2437000, 5468000
1503442915.889735692, 2437000, 5468000
1503442916.172311940, 2437000, 5468000
1503442916.457038658, 2437000, 5468000
1503442916.739801969, 2437000, 5468000
1503442917.028218077, 2437000, 5468000
1503442917.315519790, 2437000, 5468000
1503442917.598814289, 2437000, 5468000
1503442917.882054806, 2437000, 5468000
1503442918.163253055, 2437000, 5468000
1503442918.444329203, 2437000, 5468000
1503442918.722288148, 2437000, 5468000
1503442918.999741385, 2437000, 5468000
1503442919.275795784, 2437000, 5468000
1503442919.554332837, 2437000, 5218000
1503442919.832097819, 2437000, 5218000
1503442920.108733645, 2437000, 5468000
1503442920.391171512, 2437000, 5468000
1503442920.675716567, 2437000, 5468000
1503442920.959693255, 2437000, 5468000
1503442921.243376658, 2437000, 5218000
1503442921.529479915, 2437000, 5468000
1503442921.813619245, 2437000, 5468000
1503442922.086911925, 2437000, 5468000
1503442922.360877455, 2437000, 5468000
1503442922.638579516, 2437000, 5468000
1503442922.918226964, 2437000, 5468000
1503442923.196672736, 2437000, 5218000
1503442923.475098647, 2437000, 5218000
1503442923.754153607, 2437000, 5218000
1503442924.028616903, 2437000, 5218000
1503442924.302438331, 2437000, 5218000
1503442924.581601112, 2437000, 5218000
1503442924.858201659, 2437000, 5218000
1503442925.136518148, 2437000, 5468000
1503442925.411985879, 2437000, 5468000
1503442925.692418538, 2437000, 5468000
1503442925.975869758, 2437000, 5468000
1503442926.253759522, 2437000, 5468000
1503442926.528902668, 2437000, 5468000
1503442926.804182576, 2437000, 5468000
1503442927.079238700, 2437000, 5468000
1503442927.354995915, 2437000, 5468000
1503442927.630143821, 2437000, 5468000
1503442927.905688493, 2437000, 5468000
1503442928.177730496, 2437000, 5218000
1503442928.452609018, 2437000, 5218000
1503442928.732415769, 2437000, 5468000
1503442929.012844127, 2437000, 5468000
1503442929.294040697, 2437000, 5468000
1503442929.581306070, 2437000, 5468000
1503442929.865536241, 2437000, 5468000
1503442930.138474056, 2437000, 5468000
1503442930.414137030, 2437000, 5468000
1503442930.688002318, 2437000, 5468000
1503442930.961417100, 2437000, 5468000
1503442931.237031813, 2437000, 5468000
1503442931.512498503, 2437000, 5218000
1503442931.791206398, 2437000, 5218000
1503442932.065686635, 2437000, 5218000
1503442932.338599191, 2437000, 5218000
1503442932.616859720, 2437000, 5218000
1503442932.894524700, 2437000, 5218000
1503442933.169139679, 2437000, 5218000
1503442933.442813065, 2437000, 5218000
1503442933.723773111, 2437000, 5468000
1503442933.998513932, 2437000, 5468000
1503442934.286082929, 2437000, 5468000
1503442934.564034694, 2437000, 5218000
1503442934.837545577, 2437000, 5218000
1503442935.114961135, 2437000, 5468000
1503442935.392936220, 2437000, 5468000
1503442935.674025407, 2437000, 5468000
1503442935.958731745, 2437000, 5468000
1503442936.241330074, 2437000, 5218000
1503442936.527063686, 2437000, 5468000
1503442936.809737695, 2437000, 5468000
1503442937.091510693, 2437000, 5218000
1503442937.374760330, 2437000, 5218000
1503442937.658106069, 2437000, 5468000
1503442937.938770671, 2437000, 5468000
1503442938.222443215, 2437000, 5218000
1503442938.505997297, 2437000, 5218000
1503442938.785598384, 2937000, 5218000
1503442939.061391379, 2937000, 5468000
1503442939.335896096, 2937000, 5468000
1503442939.609861166, 2437000, 5468000
1503442939.883891597, 2437000, 5468000
1503442940.165592474, 2437000, 5468000
1503442940.449702723, 2437000, 5468000
1503442940.732521955, 2437000, 5468000
1503442941.021746275, 2437000, 5468000
1503442941.305064273, 2437000, 5468000
1503442941.580889529, 2437000, 5468000
1503442941.854159109, 2437000, 5468000
1503442942.129207454, 2437000, 5468000
1503442942.409059445, 2437000, 5468000
1503442942.686620044, 2437000, 5468000
1503442942.960253070, 2437000, 5468000
1503442943.233396608, 2437000, 5468000
1503442943.512058963, 2437000, 5468000
1503442943.799403997, 2437000, 5468000
1503442944.082281329, 2437000, 5468000
1503442944.367061728, 2437000, 5468000
1503442944.650690111, 2437000, 5468000
1503442944.931762959, 2437000, 5468000
1503442945.214282426, 2437000, 5218000
1503442945.498097532, 2437000, 5468000
1503442945.780924484, 2437000, 5468000
1503442946.064321883, 2437000, 5468000
1503442946.345367871, 2437000, 5468000
1503442946.629121995, 2937000, 5468000
1503442946.910983434, 2937000, 5468000
1503442947.191637956, 2437000, 5468000
1503442947.474212544, 2437000, 5468000
1503442947.761053892, 2437000, 5468000
1503442948.051204364, 2437000, 5468000
1503442948.339184127, 2437000, 5468000
1503442948.622420345, 2437000, 5468000
1503442948.905460059, 2437000, 5468000
1503442949.177593504, 2437000, 5468000
1503442949.456280179, 2437000, 5468000
1503442949.736073889, 2437000, 5468000
1503442950.014898986, 2437000, 5468000
1503442950.290055612, 2437000, 5468000
1503442950.562722544, 2437000, 5468000
1503442950.841437460, 2437000, 5468000
1503442951.116429584, 2437000, 5468000
1503442951.392974009, 2437000, 5468000
1503442951.666786817, 2437000, 5468000
1503442951.940552104, 2437000, 5468000
1503442952.221749854, 2437000, 5468000
1503442952.496863820, 2437000, 5468000
1503442952.771997606, 2437000, 5468000
1503442953.048493011, 2437000, 5468000
1503442953.324124843, 2437000, 5468000
1503442953.599384291, 2437000, 5468000
1503442953.876943551, 2437000, 5468000
1503442954.149612323, 2437000, 5468000
1503442954.427947433, 2437000, 5468000
1503442954.706359344, 2437000, 5468000
1503442954.991703351, 2437000, 5468000
1503442955.287487121, 2437000, 5468000
1503442955.575106919, 2437000, 5468000
1503442955.859717355, 2437000, 5468000
1503442956.142644449, 2437000, 5468000
1503442956.426413134, 2437000, 5468000
1503442956.706992495, 2437000, 5468000
1503442956.988115683, 2437000, 5468000
1503442957.274970250, 2437000, 5468000
1503442957.558777836, 2437000, 5468000
1503442957.842611202, 2437000, 5468000
1503442958.127137157, 2437000, 5468000
1503442958.411096865, 2437000, 5468000
1503442958.694540925, 2437000, 5468000
1503442958.976209761, 2437000, 5468000
1503442959.259211635, 2437000, 5468000
1503442959.539234749, 2437000, 5468000
1503442959.822266684, 2437000, 5468000
1503442960.105889846, 2437000, 5468000
1503442960.389158644, 2437000, 5468000
1503442960.676845343, 2437000, 5468000
1503442960.958651161, 2437000, 5468000
1503442961.240856285, 2437000, 5468000
1503442961.523952040, 2437000, 5468000
1503442961.807835087, 2437000, 5468000
1503442962.089024196, 2437000, 6656000
1503442962.375533739, 2437000, 6656000
1503442962.658612114, 2437000, 6656000
1503442962.941290604, 2437000, 6656000
1503442963.231931864, 2437000, 5468000
1503442963.516771503, 2437000, 5468000
1503442963.797641769, 2437000, 5468000
1503442964.084143731, 2437000, 5468000
1503442964.367956677, 2437000, 5468000
1503442964.651117873, 2437000, 5468000
1503442964.934929039, 2437000, 5468000
1503442965.215133975, 2437000, 5218000
1503442965.488958123, 2437000, 5218000
1503442965.774907238, 2437000, 5218000
1503442966.052147393, 2437000, 5218000
1503442966.326261925, 2437000, 5218000
1503442966.602875251, 2437000, 5468000
1503442966.887287545, 2437000, 5468000
1503442967.162898838, 2437000, 5218000
1503442967.450028109, 2437000, 5218000
1503442967.735849362, 2437000, 5218000
1503442968.013777467, 2437000, 5218000
1503442968.288755491, 2437000, 5218000
1503442968.562052352, 2437000, 5218000
1503442968.837145137, 2437000, 5218000
1503442969.112241483, 2437000, 5468000
1503442969.394903893, 2437000, 5468000
1503442969.678542456, 2437000, 5468000
1503442969.959196178, 2437000, 5468000
1503442970.241255680, 2437000, 5468000
1503442970.524444577, 2437000, 5468000
1503442970.808093880, 2437000, 5468000
1503442971.088922405, 2437000, 5468000
1503442971.372513607, 2437000, 5468000
1503442971.658169838, 2437000, 5468000
1503442971.929649254, 2437000, 5468000
1503442972.204602458, 2437000, 5468000
1503442972.479192276, 2437000, 5468000
1503442972.753487391, 2437000, 5468000
1503442973.026379986, 2437000, 5468000
1503442973.303839624, 2437000, 5468000
1503442973.583606234, 2437000, 5468000
1503442973.857438303, 2437000, 5468000
1503442974.134409854, 2437000, 5468000
1503442974.409513580, 2437000, 5468000
1503442974.688119854, 2437000, 5468000
1503442974.966250381, 2437000, 5468000
1503442975.252343178, 2437000, 5468000
1503442975.535551376, 2437000, 5468000
1503442975.808838196, 2437000, 5468000
1503442976.081974655, 2437000, 5468000
1503442976.363023623, 2437000, 5468000
1503442976.640736444, 2437000, 5468000
1503442976.915355443, 2437000, 5468000
1503442977.188733445, 2437000, 5468000
1503442977.463727610, 2437000, 5468000
1503442977.740505859, 2437000, 5468000
1503442978.013572856, 2437000, 5468000
1503442978.286723975, 2437000, 5468000
1503442978.564386216, 2437000, 5468000
1503442978.842183679, 2437000, 5468000
1503442979.121088997, 2437000, 5468000
1503442979.396733690, 2437000, 5468000
1503442979.678436107, 2437000, 5468000
1503442979.961389761, 2437000, 5468000
1503442980.241728679, 2437000, 5218000
1503442980.525156999, 2437000, 5218000
1503442980.813610669, 2437000, 5218000
1503442981.097097590, 2437000, 5468000
1503442981.378036856, 2437000, 5468000
1503442981.663344742, 2437000, 5218000
1503442981.943080332, 2437000, 5218000
1503442982.227544126, 2437000, 5468000
1503442982.514972482, 2437000, 5218000
1503442982.797924156, 2437000, 5218000
1503442983.081514918, 2437000, 5468000
1503442983.365787330, 2437000, 5468000
1503442983.647636809, 2437000, 5468000
1503442983.930044795, 2437000, 5468000
1503442984.215989770, 2437000, 5468000
1503442984.500081880, 2437000, 5468000
1503442984.785385606, 2437000, 5468000
1503442985.068970888, 2437000, 5468000
1503442985.344268857, 2437000, 5468000
1503442985.622281463, 2937000, 5468000
1503442985.901926331, 2937000, 5468000
1503442986.178943863, 2437000, 5468000
1503442986.465311104, 2437000, 5468000
1503442986.749817439, 2437000, 5468000
1503442987.025257910, 2437000, 5218000
1503442987.304891478, 2437000, 5218000
1503442987.586486333, 2437000, 5468000
1503442987.868617076, 2437000, 5468000
1503442988.152410381, 2437000, 5218000
1503442988.435706940, 2437000, 5218000
1503442988.709858393, 2437000, 5218000
1503442988.982095739, 2437000, 5218000
1503442989.259676959, 1937000, 5468000
1503442989.534686003, 1937000, 5468000
1503442989.812076201, 2437000, 5468000
1503442990.085613025, 2437000, 5468000
1503442990.362545036, 2437000, 5468000
1503442990.640774445, 2437000, 5468000
1503442990.918408726, 2437000, 5468000
1503442991.196556033, 2437000, 5218000
1503442991.472927077, 2437000, 5218000
1503442991.754115226, 2437000, 5218000
1503442992.038168975, 2437000, 5218000
1503442992.322018482, 2437000, 5218000
1503442992.605857428, 2437000, 5218000
1503442992.888723140, 2437000, 5218000
1503442993.176802125, 2437000, 5218000
1503442993.461160998, 2437000, 5218000
1503442993.744788201, 2437000, 5218000
1503442994.028515246, 2437000, 5218000
1503442994.309748196, 2437000, 5218000
1503442994.593605282, 2437000, 5218000
1503442994.880800055, 2437000, 5218000
1503442995.162627093, 2437000, 5468000
1503442995.439876368, 2437000, 5468000
1503442995.713688077, 2437000, 5468000
1503442995.988759182, 2437000, 5468000
1503442996.266041198, 2437000, 5468000
1503442996.542703585, 2437000, 5218000
1503442996.818718704, 2437000, 5218000
1503442997.101945921, 2437000, 5218000
1503442997.388502125, 2437000, 5218000
1503442997.677106257, 2437000, 5468000
1503442997.965168361, 2437000, 5468000
1503442998.248348338, 2437000, 5218000
1503442998.531198310, 2437000, 5218000
1503442998.815563224, 2437000, 5218000
1503442999.098853842, 2437000, 5218000
1503442999.383046073, 2437000, 5218000
1503442999.666209210, 2437000, 5218000
1503442999.947873246, 2437000, 5218000
1503443000.230844120, 2437000, 5218000
1503443000.518847804, 2437000, 5218000
1503443000.806985349, 2437000, 5218000
1503443001.090322668, 2437000, 5468000
1503443001.373104500, 2437000, 5468000
1503443001.647077230, 2437000, 5468000
1503443001.924701951, 2437000, 5468000
1503443002.200505907, 2437000, 5468000
1503443002.474848142, 2437000, 5468000
1503443002.750269192, 2437000, 5468000
1503443003.026579015, 2437000, 5468000
1503443003.308224171, 2437000, 5468000
1503443003.592432422, 2437000, 5468000
1503443003.875071872, 2437000, 5468000
1503443004.150941228, 2437000, 5468000
1503443004.424740716, 2437000, 5468000
1503443004.698317781, 2437000, 5468000
1503443004.973863253, 2437000, 5468000
1503443005.248335890, 2437000, 5468000
1503443005.519843127, 1937000, 5218000
1503443005.795571861, 1937000, 5218000
1503443006.070556586, 2437000, 5468000
1503443006.345525710, 2437000, 5468000
1503443006.618190502, 2437000, 5218000
1503443006.895183934, 2437000, 5218000
1503443007.172875236, 2437000, 5468000
1503443007.453142793, 2437000, 5468000
1503443007.736754736, 2437000, 5468000
1503443008.024347774, 2437000, 5468000
1503443008.302554522, 2437000, 5468000
1503443008.584412701, 2437000, 5468000
1503443008.859016780, 2437000, 5468000
1503443009.133347916, 2437000, 5468000
1503443009.410739473, 2437000, 5468000
1503443009.687342600, 2437000, 5468000
1503443009.962792670, 2437000, 5468000
1503443010.237732394, 2437000, 5468000
1503443010.517671887, 2437000, 5468000
1503443010.794546097, 2437000, 5468000
1503443011.072445222, 2437000, 5468000
1503443011.350336086, 2437000, 5468000
1503443011.624948425, 2437000, 5468000
1503443011.902048499, 2437000, 5468000
1503443012.175189418, 2437000, 5468000
1503443012.453490128, 2437000, 5468000
1503443012.731680936, 2437000, 5468000
1503443013.006607320, 2437000, 5468000
1503443013.289701715, 2437000, 5468000
1503443013.572349125, 3906000, 5468000
1503443013.863923878, 3906000, 5468000
1503443014.143430645, 3906000, 6406000
1503443014.426890726, 3906000, 6406000
1503443014.711235299, 2437000, 5218000
1503443014.995887916, 2437000, 5218000
1503443015.283402873, 2437000, 5218000
1503443015.566652131, 2437000, 5218000
1503443015.848016423, 2437000, 5218000
1503443016.136515834, 2437000, 5218000
1503443016.417788525, 2437000, 5218000
1503443016.699890487, 2437000, 5218000
1503443016.982452336, 2437000, 5218000
1503443017.269563327, 2437000, 5218000
1503443017.554007841, 2437000, 5468000
1503443017.837265720, 2437000, 5468000
1503443018.112024761, 2437000, 5218000
1503443018.388591207, 2437000, 5218000
1503443018.663713713, 2437000, 5468000
1503443018.941073610, 2437000, 5468000
1503443019.215927733, 2437000, 5468000
1503443019.487909356, 2437000, 5468000
1503443019.766199806, 2437000, 5468000
1503443020.047984704, 2437000, 5218000
1503443020.330619574, 2437000, 5218000
1503443020.612438332, 2437000, 5218000
1503443020.886396022, 2437000, 5218000
1503443021.160546995, 2437000, 5218000
1503443021.435971666, 2437000, 5218000
1503443021.712224628, 2437000, 5218000
1503443021.989369202, 2437000, 5218000
1503443022.271463324, 2437000, 5218000
1503443022.554079673, 2437000, 5218000
1503443022.837312571, 2437000, 5218000
1503443023.121273259, 2437000, 5468000
1503443023.405466130, 2437000, 5468000
1503443023.689725262, 2437000, 5218000
1503443023.978342074, 2437000, 5218000
1503443024.261347009, 2437000, 5218000
1503443024.542377337, 2437000, 5218000
1503443024.819548191, 2437000, 5218000
1503443025.095079843, 2437000, 5218000
1503443025.368820731, 2437000, 5218000
1503443025.640761093, 2437000, 5218000
1503443025.915581595, 2437000, 5218000
1503443026.190519719, 2437000, 5218000
1503443026.468364803, 2437000, 5218000
1503443026.751543860, 2437000, 5218000
1503443027.039262800, 2437000, 5218000
1503443027.326026946, 2437000, 5218000
1503443027.611325893, 2437000, 5218000
1503443027.895292521, 2437000, 5218000
1503443028.170253065, 2437000, 5218000
1503443028.443241022, 2437000, 5218000
1503443028.717452176, 2437000, 5218000
1503443028.991506267, 2437000, 5218000
1503443029.268475619, 2437000, 5218000
1503443029.549782111, 2437000, 5218000
1503443029.830839959, 2437000, 5218000
1503443030.115379895, 2437000, 5218000
1503443030.397681820, 2437000, 5218000
1503443030.681722049, 2437000, 5468000
1503443030.964152656, 2437000, 5468000
1503443031.247793979, 2437000, 5218000
1503443031.526681017, 2437000, 5218000
1503443031.802095808, 2437000, 5218000
1503443032.075008944, 2437000, 5218000
1503443032.349930007, 2437000, 5218000
1503443032.625402479, 2437000, 5218000
1503443032.901639960, 2437000, 5218000
1503443033.177908802, 2437000, 5218000
1503443033.459951204, 2437000, 5218000
1503443033.743776710, 2437000, 5218000
1503443034.027275912, 2437000, 5218000
1503443034.308042576, 2437000, 5218000
1503443034.590847168, 2437000, 5218000
1503443034.874151447, 2437000, 5218000
1503443035.156833537, 2437000, 5218000
1503443035.440215377, 2437000, 5218000
1503443035.721595130, 2437000, 5218000
1503443036.007005618, 2437000, 5218000
1503443036.290721143, 2437000, 5218000
1503443036.574267745, 2437000, 5468000
1503443036.854471941, 2437000, 5468000
1503443037.136892448, 2437000, 5468000
1503443037.417779014, 2437000, 5468000
1503443037.699234207, 2437000, 5468000
1503443037.981939978, 2437000, 5218000
1503443038.262795683, 2437000, 5218000
1503443038.547105996, 1937000, 5468000
1503443038.829717826, 1937000, 5468000
1503443039.112479457, 2437000, 5468000
1503443039.394342376, 2437000, 5468000
1503443039.669818168, 2437000, 5468000
1503443039.944685131, 2437000, 5468000
1503443040.218494199, 2437000, 5468000
1503443040.489843993, 2437000, 5468000
1503443040.765395186, 2437000, 5468000
1503443041.042873184, 2437000, 5468000
1503443041.326645190, 2437000, 5468000
1503443041.610396315, 2437000, 5468000
1503443041.897532187, 2437000, 5468000
1503443042.178931320, 2437000, 5468000
1503443042.460644017, 2437000, 5468000
1503443042.744069657, 2437000, 5468000
1503443043.027766842, 1937000, 5468000
1503443043.309703522, 1937000, 5468000
1503443043.594021455, 2437000, 5468000
1503443043.881964838, 2437000, 5468000
1503443044.166326212, 2437000, 5468000
1503443044.449151384, 2437000, 5468000
1503443044.732406142, 2437000, 5218000
1503443045.016452132, 2437000, 5468000
1503443045.296441705, 2437000, 5468000
1503443045.571185046, 2437000, 5468000
1503443045.847018942, 2437000, 5468000
1503443046.126091183, 2437000, 5218000
1503443046.403892407, 2437000, 5218000
1503443046.679758863, 2437000, 5218000
1503443046.959605015, 2437000, 5218000
1503443047.235415551, 2437000, 5468000
1503443047.510434996, 2437000, 5468000
1503443047.785989168, 2437000, 5468000
1503443048.065783059, 1937000, 5468000
1503443048.342895233, 1937000, 5468000
1503443048.616468178, 2437000, 5218000
1503443048.890642311, 2437000, 5218000
1503443049.165744777, 2437000, 5468000
1503443049.444212750, 2437000, 5468000
1503443049.721996573, 2437000, 5468000
1503443050.001819144, 2437000, 5218000
1503443050.275442510, 2437000, 5218000
1503443050.547169390, 1937000, 4984000
1503443050.820695634, 1937000, 4984000
1503443051.095633138, 1937000, 4984000
1503443051.372177444, 1937000, 4984000
1503443051.653583757, 1937000, 5218000
1503443051.934006177, 1937000, 5218000
1503443052.212063523, 1937000, 4984000
1503443052.492352461, 1937000, 4984000
1503443052.773291408, 1937000, 4984000
1503443053.056266682, 1937000, 4984000
1503443053.334871417, 1937000, 4984000
1503443053.617067160, 968000, 4984000
1503443053.898355972, 968000, 4984000
1503443054.177858078, 1468000, 4984000
1503443054.458704724, 1468000, 4984000
1503443054.738558295, 1468000, 5218000
1503443055.017371433, 1468000, 5218000
1503443055.296477914, 1468000, 5218000
1503443055.575790418, 968000, 5218000
1503443055.857269472, 968000, 5218000
1503443056.138739886, 968000, 5218000
1503443056.419106325, 968000, 5218000
1503443056.699067498, 1468000, 4984000
1503443056.979263274, 1468000, 4984000
1503443057.257042777, 1468000, 4984000
1503443057.539306022, 968000, 4984000
1503443057.818562285, 968000, 4984000
1503443058.098647740, 968000, 4984000
1503443058.379477625, 968000, 4984000
1503443058.660386351, 968000, 4984000
1503443058.940343044, 968000, 4984000
1503443059.225408188, 968000, 4984000
1503443059.503143590, 1468000, 4984000
1503443059.780703430, 1468000, 4984000
